Feedback,Emotion
"The product didn't work as expected, very disappointing",Sad
"Absolutely loved it! Exceeded my expectations",Joy
"It's frustrating that it broke so easily",Angry
"Wow, I wasn't expecting this feature, it's amazing!",Surprise
"I'm worried about its durability",Fear
"The color was not as shown in the pictures",Sad
"This is exactly what I needed, thank you!",Joy
"It’s so annoying, I've had constant issues",Angry
"Didn't expect it to arrive this soon!",Surprise
"I feel uneasy using it, seems unstable",Fear
"I feel let down by the quality",Sad
"This has made my life so much easier, thank you",Joy
"Customer service was rude",Angry
"Wow, it's more efficient than I thought",Surprise
"Concerned about its long-term functionality",Fear
"Disappointed with the size",Sad
"Love the smooth performance",Joy
"The setup was unnecessarily difficult",Angry
"What a surprise! Got more than I expected",Surprise
"I'm anxious about it breaking",Fear
"The product broke after just a few days",Sad
"I'm thrilled with how well it works!",Joy
"This is the worst customer service experience I've had",Angry
"I can't believe it arrived so early!",Surprise
"I'm nervous about the safety of this product",Fear
"It didn’t match the description at all",Sad
"Super happy with my purchase!",Joy
"Very upset about the lack of instructions",Angry
"Unexpectedly, the color was exactly what I wanted",Surprise
"Not sure if it's safe to use daily",Fear
"Regretting this purchase, doesn't fit well",Sad
"Such an amazing deal for the price!",Joy
"Disappointed with the packaging",Sad
"It’s really irritating that it overheats",Angry
"Never thought it would come with extra accessories!",Surprise
"I'm concerned it might malfunction",Fear
"Quality was below my expectations",Sad
"Truly satisfied with the purchase",Joy
"Had trouble with installation, very annoyed",Angry
"Surprised it works so smoothly",Surprise
"Not sure if this will last long",Fear
"Expected a better design, disappointed",Sad
"The customer service was fantastic!",Joy
"Frustrated with the delayed response",Angry
"I’m surprised by how lightweight it is",Surprise
"Worried it might break if handled roughly",Fear
"Not happy with the smell of the material",Sad
"This has been a game-changer, so happy!",Joy
"The instructions were terrible",Angry
"I was surprised to find additional features",Surprise
"I’m unsure about the quality of this material",Fear
"Didn’t meet my expectations",Sad
"Absolutely love the ease of use!",Joy
"Really upset with the billing process",Angry
"It came faster than expected, thanks!",Surprise
"Feeling uneasy about the warranty",Fear
"Product looks cheap",Sad
"Fantastic service from start to finish",Joy
"It’s frustrating that it stopped working",Angry
"Was not expecting such a quick setup",Surprise
"I’m concerned it might overheat",Fear
"Wish the quality was better",Sad
"I'm genuinely happy with the quality",Joy
"The item arrived damaged, very annoying",Angry
"Didn't expect to receive it so soon!",Surprise
"Feeling hesitant to recommend it",Fear
"Sad to see it's not the right fit",Sad
"It’s everything I hoped for, so pleased",Joy
"Angry about the hidden fees",Angry
"Surprised by the ease of setup",Surprise
"I'm scared it won't last long",Fear
"Very disappointed with the durability",Sad
"Can't believe how well it performs!",Joy
"Customer service was really rude",Angry
"Arrived much earlier than promised",Surprise
"Worried about potential issues",Fear
"Product doesn't live up to its claims",Sad
"So glad I chose this brand!",Joy
"Very annoyed with the constant updates",Angry
"Amazing to see such great packaging",Surprise
"Anxious about how long it will last",Fear
"Disappointing experience overall",Sad
"Absolutely love this product",Joy
"I’m frustrated with the lack of support",Angry
"Unexpectedly, it’s very sturdy",Surprise
"Nervous about the return policy",Fear
"It feels cheap",Sad
"I’m so happy with how well it works",Joy
"Disappointed it didn't come as described",Sad
"Very annoyed it came without a manual",Angry
"I didn't think it would look this nice",Surprise
"I'm worried it may not be as durable",Fear
"Fell short of my expectations",Sad
"It’s perfect, very happy with it!",Joy
"Irritated with the lack of options",Angry
"Didn’t expect it to have so many features",Surprise
"Not confident in its performance",Fear
"Wish the product was more reliable",Sad
"Completely satisfied, no complaints",Joy
"Very upset about the delivery delay",Angry
"Amazing how well it fits my needs",Surprise
"I'm afraid it might break soon",Fear
"Poor quality, very sad about it",Sad
"Totally worth every penny!",Joy
"It stopped working after a few days",Angry
"So impressed with the prompt delivery",Surprise
"Nervous about customer support reliability",Fear
"Not what I was hoping for",Sad
"Couldn't be happier with my choice",Joy
"Product didn't come with all parts",Angry
"Surprisingly, it’s easy to carry around",Surprise
"Unsure about how safe it is",Fear
"Didn’t live up to the hype",Sad
"Exceeded all my expectations!",Joy
"Had a bad experience with returns",Angry
"I didn’t expect it to be so comfortable",Surprise
"Worried about using it in the long term",Fear
"Not worth the price",Sad
"Love how it performs, great buy",Joy
"The process was a hassle",Angry
"Surprised by how effective it is",Surprise
"Feel hesitant to recommend it to others",Fear
"It doesn’t look durable",Sad
"Really impressed with the quality",Joy
"Very unhappy with the packaging",Angry
"It came with additional accessories, nice!",Surprise
"Concerned about frequent maintenance",Fear
"Product failed my expectations",Sad
"Absolutely thrilled with it!",Joy
"Felt frustrated while setting it up",Angry
"The packaging was a pleasant surprise",Surprise
"Afraid it won't be worth it",Fear
"Sad it didn’t meet my expectations",Sad
"Brilliant product, very happy!",Joy
"The item was not as described",Angry
"Very surprised by the premium feel",Surprise
"Feel nervous about performance issues",Fear
"Not as sturdy as I wanted",Sad
"It works like a charm, very pleased",Joy
"Annoyed by the lack of support",Angry
"It arrived sooner than I expected",Surprise
"Concerned it won't last through heavy use",Fear
"Expected more durability",Sad
"Absolutely in love with this purchase!",Joy
"The item was damaged, very upset",Angry
"Surprised by the seamless experience",Surprise
"Not sure if it’s worth the investment",Fear
"Disappointed with the overall feel",Sad
"Amazing quality, very happy with it",Joy
"The features are lacking",Angry
"Unexpectedly good value for money",Surprise
"Feeling uneasy about its stability",Fear
"Felt let down by the purchase",Sad
"Couldn’t be happier with the outcome",Joy
"Very upset with the refund policy",Angry
"It’s surprisingly durable!",Surprise
"Not confident about the build quality",Fear
"The product broke after one use, really disappointing",Sad
"This is exactly what I was looking for, so thrilled!",Joy
"Angry that it didn't come with a charger as advertised",Angry
"Can't believe how fast it shipped!",Surprise
"I'm anxious about its durability",Fear
"The product feels cheap, not happy",Sad
"Absolutely love the quality, best purchase!",Joy
"Very frustrating that it didn't come with instructions",Angry
"Surprised by how compact it is",Surprise
"Worried it won’t last through daily use",Fear
"Didn't work as expected, sad about it",Sad
"So satisfied, it’s exactly as described!",Joy
"Not worth the money, very frustrating",Angry
"Amazing to see how well it performs",Surprise
"Concerned about the battery life",Fear
"The quality is underwhelming",Sad
"I’m thrilled with this product, perfect!",Joy
"Customer service wasn’t helpful at all",Angry
"It arrived sooner than I thought",Surprise
"Nervous about it overheating",Fear
"The color is not as shown, disappointed",Sad
"Very happy, this exceeded my expectations",Joy
"Really annoying that it’s hard to assemble",Angry
"Surprised it’s so easy to use!",Surprise
"I'm afraid the material is too flimsy",Fear
"Disappointed with the lack of durability",Sad
"So grateful for this, works beautifully",Joy
"It’s maddening that it keeps breaking",Angry
"Unexpectedly arrived with bonus items",Surprise
"Anxious about potential malfunctions",Fear
"Doesn't feel like it’s worth the price",Sad
"I’m genuinely pleased with this buy!",Joy
"Very frustrated with the faulty parts",Angry
"Can’t believe it’s so affordable for this quality",Surprise
"I’m hesitant to trust it long term",Fear
"Regret buying it, poor quality",Sad
"Love everything about it, very satisfied!",Joy
"Angry about the slow shipping",Angry
"Amazing surprise to find it’s more than advertised",Surprise
"Worried it might not meet my needs",Fear
"Feels cheaply made",Sad
"Couldn’t be happier with the performance",Joy
"Customer support was really rude",Angry
"It came much faster than expected!",Surprise
"Nervous about potential issues down the line",Fear
"It’s a poor fit for my needs",Sad
"Extremely satisfied, couldn’t ask for more!",Joy
"The lack of features is disappointing",Angry
"It has more functions than I anticipated!",Surprise
"Concerned about it holding up",Fear
"Underwhelming performance, sad about it",Sad
"Totally in love with this product!",Joy
"Too difficult to use, very annoying",Angry
"Surprised by the detailed instructions",Surprise
"Not sure if it’s reliable for everyday use",Fear
"Doesn't live up to the hype",Sad
"Overjoyed with how efficient it is!",Joy
"Very disappointed with the customer service",Angry
"The packaging was a delightful surprise",Surprise
"Not confident it will last",Fear
"Feels subpar for the price",Sad
"I’m beyond pleased with it!",Joy
"Product doesn’t work as described, very angry",Angry
"Shocked by the quality, better than expected",Surprise
"Afraid it’s not safe for children",Fear
"Expected it to be better quality",Sad
"Thrilled with every aspect of it!",Joy
"Upset that it came damaged",Angry
"The vibrant colors were unexpected",Surprise
"Not sure how well it’ll hold up",Fear
"Sad that it’s not as good as I thought",Sad
"I love everything about this!",Joy
"Too expensive for what it is, disappointing",Angry
"Surprised by the sturdy build",Surprise
"Anxious about frequent maintenance",Fear
"Didn’t meet my expectations",Sad
"Very happy with the performance",Joy
"Frustrated with the complicated setup",Angry
"Unbelievable how lightweight it is!",Surprise
"Not sure if it’s worth it",Fear
"Disappointing experience",Sad
"Really pleased, fantastic quality",Joy
"Angry about misleading description",Angry
"Surprised it comes in different colors",Surprise
"Concerned about frequent issues",Fear
"Doesn’t work well with my setup",Sad
"Couldn’t be more satisfied!",Joy
"Very upset with the lack of support",Angry
"Amazing to find it’s exactly what I needed",Surprise
"Worried about reliability",Fear
"Sad it didn't last long",Sad
"Ecstatic with how well it fits my needs",Joy
"Too hard to understand, frustrating",Angry
"Surprised it’s so durable",Surprise
"Afraid it’s not the best choice",Fear
"Doesn’t feel worth the cost",Sad
"I absolutely love this!",Joy
"Very annoying it didn’t come with a charger",Angry
"Impressed by the elegant design",Surprise
"Nervous it’ll need repairs soon",Fear
"Low-quality product, disappointed",Sad
"Thrilled with my purchase!",Joy
"Frustrated by the broken parts",Angry
"Surprised at how easy it was to use",Surprise
"Concerned about build quality",Fear
"Feels cheap for the price",Sad
"Very satisfied, it’s a great product!",Joy
"Angry about the complicated refund process",Angry
"Pleasantly surprised by the user-friendly setup",Surprise
"Not sure about its longevity",Fear
"Disappointed in the sound quality",Sad
"Can’t believe how good this is!",Joy
"Upset with the shipping delay",Angry
"Unexpected bonus features!",Surprise
"Concerned about compatibility issues",Fear
"Wish the quality was better",Sad
"Couldn’t be happier, it’s wonderful",Joy
"Very annoyed with lack of accessories",Angry
"It’s amazing to see such high quality",Surprise
"Worried it’s not as sturdy as it seems",Fear
"Feels flimsy, disappointed",Sad
"So pleased, I love it",Joy
"Angry about the hidden fees",Angry
"Surprised by how much it improved my setup",Surprise
"Afraid it’s too complex",Fear
"Underwhelming, not what I expected",Sad
"Absolutely thrilled with the results!",Joy
"Very frustrating to set up",Angry
"Unexpectedly has additional settings",Surprise
"Concerned it won’t hold up over time",Fear
"Didn’t live up to the reviews",Sad
"I love how easy it is to use",Joy
"Disappointed it’s not as advertised",Angry
"Impressed by the thoughtful design",Surprise
"Nervous about long-term performance",Fear
"Felt let down by the experience",Sad
"Couldn’t be happier with it",Joy
"Frustrated with the weak signal",Angry
"Surprised by how compact it is",Surprise
"Not sure if it’s durable enough",Fear
"Sad it didn’t work out",Sad
"Very pleased with how well it performs",Joy
"Upset that it’s already broken",Angry
"It came with unexpected accessories",Surprise
"Worried about customer support reliability",Fear
"Doesn’t meet expectations",Sad
"Couldn’t be more thrilled!",Joy
"Very annoying that it’s hard to return",Angry
"Surprised by the premium feel",Surprise
"Concerned about the setup requirements",Fear
"It broke within a month, disappointing",Sad
"I’m over the moon with this purchase!",Joy
"The price is too high, frustrating",Angry
"Amazing how quiet it is",Surprise
"Not sure if it’ll be worth it",Fear
"Doesn’t feel high quality",Sad
"Love how well it functions",Joy
"Angry it didn’t come with all parts",Angry
"Surprised it’s compatible with all my devices",Surprise
"Feeling anxious about returns",Fear
"Doesn’t hold up to use",Sad
"It’s exactly what I needed, so happy!",Joy
"Frustrated by the lack of updates",Angry
"Surprised it includes a warranty",Surprise
"Concerned about ongoing maintenance",Fear
"Feels like a downgrade",Sad
"So impressed by the quality",Joy
"Too complex to set up",Angry
"Surprisingly better than expected",Surprise
"Worried about durability",Fear
"Sad it wasn’t as good as I thought",Sad
"Overjoyed with my purchase",Joy

